{"1": {"cpMultiplier": 0.09399999678134918, "requiredExp": 0, "rankNum": 1}, "2": {"cpMultiplier": 0.16639786958694458, "requiredExp": 1000, "rankNum": 1}, "3": {"cpMultiplier": 0.21573247015476227, "requiredExp": 3000, "rankNum": 1}, "4": {"cpMultiplier": 0.2557200491428375, "requiredExp": 6000, "rankNum": 1}, "5": {"cpMultiplier": 0.29024988412857056, "requiredExp": 10000, "rankNum": 1}, "6": {"cpMultiplier": 0.3210875988006592, "requiredExp": 15000, "rankNum": 1}, "7": {"cpMultiplier": 0.3492126762866974, "requiredExp": 21000, "rankNum": 1}, "8": {"cpMultiplier": 0.37523558735847473, "requiredExp": 28000, "rankNum": 1}, "9": {"cpMultiplier": 0.39956727623939514, "requiredExp": 36000, "rankNum": 1}, "10": {"cpMultiplier": 0.42250001430511475, "requiredExp": 45000, "rankNum": 1}, "11": {"cpMultiplier": 0.443107545375824, "requiredExp": 55000, "rankNum": 1}, "12": {"cpMultiplier": 0.4627983868122101, "requiredExp": 65000, "rankNum": 1}, "13": {"cpMultiplier": 0.48168495297431946, "requiredExp": 75000, "rankNum": 1}, "14": {"cpMultiplier": 0.49985843896865845, "requiredExp": 85000, "rankNum": 1}, "15": {"cpMultiplier": 0.517393946647644, "requiredExp": 100000, "rankNum": 1}, "16": {"cpMultiplier": 0.5343543291091919, "requiredExp": 120000, "rankNum": 1}, "17": {"cpMultiplier": 0.5507926940917969, "requiredExp": 140000, "rankNum": 1}, "18": {"cpMultiplier": 0.5667545199394226, "requiredExp": 160000, "rankNum": 1}, "19": {"cpMultiplier": 0.5822789072990417, "requiredExp": 185000, "rankNum": 1}, "20": {"cpMultiplier": 0.5974000096321106, "requiredExp": 210000, "rankNum": 1}, "21": {"cpMultiplier": 0.6121572852134705, "requiredExp": 260000, "rankNum": 1}, "22": {"cpMultiplier": 0.6265671253204346, "requiredExp": 335000, "rankNum": 1}, "23": {"cpMultiplier": 0.6406529545783997, "requiredExp": 435000, "rankNum": 1}, "24": {"cpMultiplier": 0.6544356346130371, "requiredExp": 560000, "rankNum": 1}, "25": {"cpMultiplier": 0.667934000492096, "requiredExp": 710000, "rankNum": 1}, "26": {"cpMultiplier": 0.6811649203300476, "requiredExp": 900000, "rankNum": 1}, "27": {"cpMultiplier": 0.6941436529159546, "requiredExp": 1100000, "rankNum": 1}, "28": {"cpMultiplier": 0.7068842053413391, "requiredExp": 1350000, "rankNum": 1}, "29": {"cpMultiplier": 0.719399094581604, "requiredExp": 1650000, "rankNum": 1}, "30": {"cpMultiplier": 0.7317000031471252, "requiredExp": 2000000, "rankNum": 1}, "31": {"cpMultiplier": 0.7377694845199585, "requiredExp": 2500000, "rankNum": 1}, "32": {"cpMultiplier": 0.7437894344329834, "requiredExp": 3000000, "rankNum": 1}, "33": {"cpMultiplier": 0.7497610449790955, "requiredExp": 3750000, "rankNum": 1}, "34": {"cpMultiplier": 0.7556855082511902, "requiredExp": 4750000, "rankNum": 1}, "35": {"cpMultiplier": 0.7615638375282288, "requiredExp": 6000000, "rankNum": 1}, "36": {"cpMultiplier": 0.7673971652984619, "requiredExp": 7500000, "rankNum": 1}, "37": {"cpMultiplier": 0.7731865048408508, "requiredExp": 9500000, "rankNum": 1}, "38": {"cpMultiplier": 0.7789327502250671, "requiredExp": 12000000, "rankNum": 1}, "39": {"cpMultiplier": 0.7846369743347168, "requiredExp": 15000000, "rankNum": 1}, "40": {"cpMultiplier": 0.7903000116348267, "requiredExp": 20000000, "rankNum": 1}}