{"1": {"requiredExp": 0, "rankNum": 1, "cpMultiplier": 0.09399999678134918}, "2": {"requiredExp": 1000, "rankNum": 1, "cpMultiplier": 0.16639786958694458}, "3": {"requiredExp": 3000, "rankNum": 1, "cpMultiplier": 0.21573247015476227}, "4": {"requiredExp": 6000, "rankNum": 1, "cpMultiplier": 0.2557200491428375}, "5": {"requiredExp": 10000, "rankNum": 1, "cpMultiplier": 0.29024988412857056}, "6": {"requiredExp": 15000, "rankNum": 1, "cpMultiplier": 0.3210875988006592}, "7": {"requiredExp": 21000, "rankNum": 1, "cpMultiplier": 0.3492126762866974}, "8": {"requiredExp": 28000, "rankNum": 1, "cpMultiplier": 0.37523558735847473}, "9": {"requiredExp": 36000, "rankNum": 1, "cpMultiplier": 0.39956727623939514}, "10": {"requiredExp": 45000, "rankNum": 1, "cpMultiplier": 0.42250001430511475}, "11": {"requiredExp": 55000, "rankNum": 1, "cpMultiplier": 0.443107545375824}, "12": {"requiredExp": 65000, "rankNum": 1, "cpMultiplier": 0.4627983868122101}, "13": {"requiredExp": 75000, "rankNum": 1, "cpMultiplier": 0.48168495297431946}, "14": {"requiredExp": 85000, "rankNum": 1, "cpMultiplier": 0.49985843896865845}, "15": {"requiredExp": 100000, "rankNum": 1, "cpMultiplier": 0.517393946647644}, "16": {"requiredExp": 120000, "rankNum": 1, "cpMultiplier": 0.5343543291091919}, "17": {"requiredExp": 140000, "rankNum": 1, "cpMultiplier": 0.5507926940917969}, "18": {"requiredExp": 160000, "rankNum": 1, "cpMultiplier": 0.5667545199394226}, "19": {"requiredExp": 185000, "rankNum": 1, "cpMultiplier": 0.5822789072990417}, "20": {"requiredExp": 210000, "rankNum": 1, "cpMultiplier": 0.5974000096321106}, "21": {"requiredExp": 260000, "rankNum": 1, "cpMultiplier": 0.6121572852134705}, "22": {"requiredExp": 335000, "rankNum": 1, "cpMultiplier": 0.6265671253204346}, "23": {"requiredExp": 435000, "rankNum": 1, "cpMultiplier": 0.6406529545783997}, "24": {"requiredExp": 560000, "rankNum": 1, "cpMultiplier": 0.6544356346130371}, "25": {"requiredExp": 710000, "rankNum": 1, "cpMultiplier": 0.667934000492096}, "26": {"requiredExp": 900000, "rankNum": 1, "cpMultiplier": 0.6811649203300476}, "27": {"requiredExp": 1100000, "rankNum": 1, "cpMultiplier": 0.6941436529159546}, "28": {"requiredExp": 1350000, "rankNum": 1, "cpMultiplier": 0.7068842053413391}, "29": {"requiredExp": 1650000, "rankNum": 1, "cpMultiplier": 0.719399094581604}, "30": {"requiredExp": 2000000, "rankNum": 1, "cpMultiplier": 0.7317000031471252}, "31": {"requiredExp": 2500000, "rankNum": 1, "cpMultiplier": 0.7377694845199585}, "32": {"requiredExp": 3000000, "rankNum": 1, "cpMultiplier": 0.7437894344329834}, "33": {"requiredExp": 3750000, "rankNum": 1, "cpMultiplier": 0.7497610449790955}, "34": {"requiredExp": 4750000, "rankNum": 1, "cpMultiplier": 0.7556855082511902}, "35": {"requiredExp": 6000000, "rankNum": 1, "cpMultiplier": 0.7615638375282288}, "36": {"requiredExp": 7500000, "rankNum": 1, "cpMultiplier": 0.7673971652984619}, "37": {"requiredExp": 9500000, "rankNum": 1, "cpMultiplier": 0.7731865048408508}, "38": {"requiredExp": 12000000, "rankNum": 1, "cpMultiplier": 0.7789327502250671}, "39": {"requiredExp": 15000000, "rankNum": 1, "cpMultiplier": 0.7846369743347168}, "40": {"requiredExp": 20000000, "rankNum": 1, "cpMultiplier": 0.7903000116348267}}