{"levels": {"1": {"cpMultiplier": 0.09399999678134918, "rankNum": 1, "requiredExperience": 0}, "2": {"cpMultiplier": 0.16639786958694458, "rankNum": 1, "requiredExperience": 1000}, "3": {"cpMultiplier": 0.21573247015476227, "rankNum": 1, "requiredExperience": 3000}, "4": {"cpMultiplier": 0.2557200491428375, "rankNum": 1, "requiredExperience": 6000}, "5": {"cpMultiplier": 0.29024988412857056, "rankNum": 1, "requiredExperience": 10000}, "6": {"cpMultiplier": 0.3210875988006592, "rankNum": 1, "requiredExperience": 15000}, "7": {"cpMultiplier": 0.3492126762866974, "rankNum": 1, "requiredExperience": 21000}, "8": {"cpMultiplier": 0.37523558735847473, "rankNum": 1, "requiredExperience": 28000}, "9": {"cpMultiplier": 0.39956727623939514, "rankNum": 1, "requiredExperience": 36000}, "10": {"cpMultiplier": 0.42250001430511475, "rankNum": 1, "requiredExperience": 45000}, "11": {"cpMultiplier": 0.443107545375824, "rankNum": 1, "requiredExperience": 55000}, "12": {"cpMultiplier": 0.4627983868122101, "rankNum": 1, "requiredExperience": 65000}, "13": {"cpMultiplier": 0.48168495297431946, "rankNum": 1, "requiredExperience": 75000}, "14": {"cpMultiplier": 0.49985843896865845, "rankNum": 1, "requiredExperience": 85000}, "15": {"cpMultiplier": 0.517393946647644, "rankNum": 1, "requiredExperience": 100000}, "16": {"cpMultiplier": 0.5343543291091919, "rankNum": 1, "requiredExperience": 120000}, "17": {"cpMultiplier": 0.5507926940917969, "rankNum": 1, "requiredExperience": 140000}, "18": {"cpMultiplier": 0.5667545199394226, "rankNum": 1, "requiredExperience": 160000}, "19": {"cpMultiplier": 0.5822789072990417, "rankNum": 1, "requiredExperience": 185000}, "20": {"cpMultiplier": 0.5974000096321106, "rankNum": 1, "requiredExperience": 210000}, "21": {"cpMultiplier": 0.6121572852134705, "rankNum": 1, "requiredExperience": 260000}, "22": {"cpMultiplier": 0.6265671253204346, "rankNum": 1, "requiredExperience": 335000}, "23": {"cpMultiplier": 0.6406529545783997, "rankNum": 1, "requiredExperience": 435000}, "24": {"cpMultiplier": 0.6544356346130371, "rankNum": 1, "requiredExperience": 560000}, "25": {"cpMultiplier": 0.667934000492096, "rankNum": 1, "requiredExperience": 710000}, "26": {"cpMultiplier": 0.6811649203300476, "rankNum": 1, "requiredExperience": 900000}, "27": {"cpMultiplier": 0.6941436529159546, "rankNum": 1, "requiredExperience": 1100000}, "28": {"cpMultiplier": 0.7068842053413391, "rankNum": 1, "requiredExperience": 1350000}, "29": {"cpMultiplier": 0.719399094581604, "rankNum": 1, "requiredExperience": 1650000}, "30": {"cpMultiplier": 0.7317000031471252, "rankNum": 1, "requiredExperience": 2000000}, "31": {"cpMultiplier": 0.7377694845199585, "rankNum": 1, "requiredExperience": 2500000}, "32": {"cpMultiplier": 0.7437894344329834, "rankNum": 1, "requiredExperience": 3000000}, "33": {"cpMultiplier": 0.7497610449790955, "rankNum": 1, "requiredExperience": 3750000}, "34": {"cpMultiplier": 0.7556855082511902, "rankNum": 1, "requiredExperience": 4750000}, "35": {"cpMultiplier": 0.7615638375282288, "rankNum": 1, "requiredExperience": 6000000}, "36": {"cpMultiplier": 0.7673971652984619, "rankNum": 1, "requiredExperience": 7500000}, "37": {"cpMultiplier": 0.7731865048408508, "rankNum": 1, "requiredExperience": 9500000}, "38": {"cpMultiplier": 0.7789327502250671, "rankNum": 1, "requiredExperience": 12000000}, "39": {"cpMultiplier": 0.7846369743347168, "rankNum": 1, "requiredExperience": 15000000}, "40": {"cpMultiplier": 0.7903000116348267, "rankNum": 1, "requiredExperience": 20000000}}, "maxEggPlayerLevel": 20, "maxEncounterPlayerLevel": 30, "maxQuestEncounterPlayerLevel": 15}