{"1": {"requiredExp": 0, "cpMultiplier": 0.09399999678134918, "rankNum": 1}, "2": {"requiredExp": 1000, "cpMultiplier": 0.16639786958694458, "rankNum": 1}, "3": {"requiredExp": 3000, "cpMultiplier": 0.21573247015476227, "rankNum": 1}, "4": {"requiredExp": 6000, "cpMultiplier": 0.2557200491428375, "rankNum": 1}, "5": {"requiredExp": 10000, "cpMultiplier": 0.29024988412857056, "rankNum": 1}, "6": {"requiredExp": 15000, "cpMultiplier": 0.3210875988006592, "rankNum": 1}, "7": {"requiredExp": 21000, "cpMultiplier": 0.3492126762866974, "rankNum": 1}, "8": {"requiredExp": 28000, "cpMultiplier": 0.37523558735847473, "rankNum": 1}, "9": {"requiredExp": 36000, "cpMultiplier": 0.39956727623939514, "rankNum": 1}, "10": {"requiredExp": 45000, "cpMultiplier": 0.42250001430511475, "rankNum": 1}, "11": {"requiredExp": 55000, "cpMultiplier": 0.443107545375824, "rankNum": 1}, "12": {"requiredExp": 65000, "cpMultiplier": 0.4627983868122101, "rankNum": 1}, "13": {"requiredExp": 75000, "cpMultiplier": 0.48168495297431946, "rankNum": 1}, "14": {"requiredExp": 85000, "cpMultiplier": 0.49985843896865845, "rankNum": 1}, "15": {"requiredExp": 100000, "cpMultiplier": 0.517393946647644, "rankNum": 1}, "16": {"requiredExp": 120000, "cpMultiplier": 0.5343543291091919, "rankNum": 1}, "17": {"requiredExp": 140000, "cpMultiplier": 0.5507926940917969, "rankNum": 1}, "18": {"requiredExp": 160000, "cpMultiplier": 0.5667545199394226, "rankNum": 1}, "19": {"requiredExp": 185000, "cpMultiplier": 0.5822789072990417, "rankNum": 1}, "20": {"requiredExp": 210000, "cpMultiplier": 0.5974000096321106, "rankNum": 1}, "21": {"requiredExp": 260000, "cpMultiplier": 0.6121572852134705, "rankNum": 1}, "22": {"requiredExp": 335000, "cpMultiplier": 0.6265671253204346, "rankNum": 1}, "23": {"requiredExp": 435000, "cpMultiplier": 0.6406529545783997, "rankNum": 1}, "24": {"requiredExp": 560000, "cpMultiplier": 0.6544356346130371, "rankNum": 1}, "25": {"requiredExp": 710000, "cpMultiplier": 0.667934000492096, "rankNum": 1}, "26": {"requiredExp": 900000, "cpMultiplier": 0.6811649203300476, "rankNum": 1}, "27": {"requiredExp": 1100000, "cpMultiplier": 0.6941436529159546, "rankNum": 1}, "28": {"requiredExp": 1350000, "cpMultiplier": 0.7068842053413391, "rankNum": 1}, "29": {"requiredExp": 1650000, "cpMultiplier": 0.719399094581604, "rankNum": 1}, "30": {"requiredExp": 2000000, "cpMultiplier": 0.7317000031471252, "rankNum": 1}, "31": {"requiredExp": 2500000, "cpMultiplier": 0.7377694845199585, "rankNum": 1}, "32": {"requiredExp": 3000000, "cpMultiplier": 0.7437894344329834, "rankNum": 1}, "33": {"requiredExp": 3750000, "cpMultiplier": 0.7497610449790955, "rankNum": 1}, "34": {"requiredExp": 4750000, "cpMultiplier": 0.7556855082511902, "rankNum": 1}, "35": {"requiredExp": 6000000, "cpMultiplier": 0.7615638375282288, "rankNum": 1}, "36": {"requiredExp": 7500000, "cpMultiplier": 0.7673971652984619, "rankNum": 1}, "37": {"requiredExp": 9500000, "cpMultiplier": 0.7731865048408508, "rankNum": 1}, "38": {"requiredExp": 12000000, "cpMultiplier": 0.7789327502250671, "rankNum": 1}, "39": {"requiredExp": 15000000, "cpMultiplier": 0.7846369743347168, "rankNum": 1}, "40": {"requiredExp": 20000000, "cpMultiplier": 0.7903000116348267, "rankNum": 1}}