{"1": {"rankNum": 1, "requiredExp": 0, "cpMultiplier": 0.09399999678134918}, "2": {"rankNum": 1, "requiredExp": 1000, "cpMultiplier": 0.16639786958694458}, "3": {"rankNum": 1, "requiredExp": 3000, "cpMultiplier": 0.21573247015476227}, "4": {"rankNum": 1, "requiredExp": 6000, "cpMultiplier": 0.2557200491428375}, "5": {"rankNum": 1, "requiredExp": 10000, "cpMultiplier": 0.29024988412857056}, "6": {"rankNum": 1, "requiredExp": 15000, "cpMultiplier": 0.3210875988006592}, "7": {"rankNum": 1, "requiredExp": 21000, "cpMultiplier": 0.3492126762866974}, "8": {"rankNum": 1, "requiredExp": 28000, "cpMultiplier": 0.37523558735847473}, "9": {"rankNum": 1, "requiredExp": 36000, "cpMultiplier": 0.39956727623939514}, "10": {"rankNum": 1, "requiredExp": 45000, "cpMultiplier": 0.42250001430511475}, "11": {"rankNum": 1, "requiredExp": 55000, "cpMultiplier": 0.443107545375824}, "12": {"rankNum": 1, "requiredExp": 65000, "cpMultiplier": 0.4627983868122101}, "13": {"rankNum": 1, "requiredExp": 75000, "cpMultiplier": 0.48168495297431946}, "14": {"rankNum": 1, "requiredExp": 85000, "cpMultiplier": 0.49985843896865845}, "15": {"rankNum": 1, "requiredExp": 100000, "cpMultiplier": 0.517393946647644}, "16": {"rankNum": 1, "requiredExp": 120000, "cpMultiplier": 0.5343543291091919}, "17": {"rankNum": 1, "requiredExp": 140000, "cpMultiplier": 0.5507926940917969}, "18": {"rankNum": 1, "requiredExp": 160000, "cpMultiplier": 0.5667545199394226}, "19": {"rankNum": 1, "requiredExp": 185000, "cpMultiplier": 0.5822789072990417}, "20": {"rankNum": 1, "requiredExp": 210000, "cpMultiplier": 0.5974000096321106}, "21": {"rankNum": 1, "requiredExp": 260000, "cpMultiplier": 0.6121572852134705}, "22": {"rankNum": 1, "requiredExp": 335000, "cpMultiplier": 0.6265671253204346}, "23": {"rankNum": 1, "requiredExp": 435000, "cpMultiplier": 0.6406529545783997}, "24": {"rankNum": 1, "requiredExp": 560000, "cpMultiplier": 0.6544356346130371}, "25": {"rankNum": 1, "requiredExp": 710000, "cpMultiplier": 0.667934000492096}, "26": {"rankNum": 1, "requiredExp": 900000, "cpMultiplier": 0.6811649203300476}, "27": {"rankNum": 1, "requiredExp": 1100000, "cpMultiplier": 0.6941436529159546}, "28": {"rankNum": 1, "requiredExp": 1350000, "cpMultiplier": 0.7068842053413391}, "29": {"rankNum": 1, "requiredExp": 1650000, "cpMultiplier": 0.719399094581604}, "30": {"rankNum": 1, "requiredExp": 2000000, "cpMultiplier": 0.7317000031471252}, "31": {"rankNum": 1, "requiredExp": 2500000, "cpMultiplier": 0.7377694845199585}, "32": {"rankNum": 1, "requiredExp": 3000000, "cpMultiplier": 0.7437894344329834}, "33": {"rankNum": 1, "requiredExp": 3750000, "cpMultiplier": 0.7497610449790955}, "34": {"rankNum": 1, "requiredExp": 4750000, "cpMultiplier": 0.7556855082511902}, "35": {"rankNum": 1, "requiredExp": 6000000, "cpMultiplier": 0.7615638375282288}, "36": {"rankNum": 1, "requiredExp": 7500000, "cpMultiplier": 0.7673971652984619}, "37": {"rankNum": 1, "requiredExp": 9500000, "cpMultiplier": 0.7731865048408508}, "38": {"rankNum": 1, "requiredExp": 12000000, "cpMultiplier": 0.7789327502250671}, "39": {"rankNum": 1, "requiredExp": 15000000, "cpMultiplier": 0.7846369743347168}, "40": {"rankNum": 1, "requiredExp": 20000000, "cpMultiplier": 0.7903000116348267}}