{"1": {"rankNum": 1, "cpMultiplier": 0.09399999678134918, "requiredExp": 0}, "2": {"rankNum": 1, "cpMultiplier": 0.16639786958694458, "requiredExp": 1000}, "3": {"rankNum": 1, "cpMultiplier": 0.21573247015476227, "requiredExp": 3000}, "4": {"rankNum": 1, "cpMultiplier": 0.2557200491428375, "requiredExp": 6000}, "5": {"rankNum": 1, "cpMultiplier": 0.29024988412857056, "requiredExp": 10000}, "6": {"rankNum": 1, "cpMultiplier": 0.3210875988006592, "requiredExp": 15000}, "7": {"rankNum": 1, "cpMultiplier": 0.3492126762866974, "requiredExp": 21000}, "8": {"rankNum": 1, "cpMultiplier": 0.37523558735847473, "requiredExp": 28000}, "9": {"rankNum": 1, "cpMultiplier": 0.39956727623939514, "requiredExp": 36000}, "10": {"rankNum": 1, "cpMultiplier": 0.42250001430511475, "requiredExp": 45000}, "11": {"rankNum": 1, "cpMultiplier": 0.443107545375824, "requiredExp": 55000}, "12": {"rankNum": 1, "cpMultiplier": 0.4627983868122101, "requiredExp": 65000}, "13": {"rankNum": 1, "cpMultiplier": 0.48168495297431946, "requiredExp": 75000}, "14": {"rankNum": 1, "cpMultiplier": 0.49985843896865845, "requiredExp": 85000}, "15": {"rankNum": 1, "cpMultiplier": 0.517393946647644, "requiredExp": 100000}, "16": {"rankNum": 1, "cpMultiplier": 0.5343543291091919, "requiredExp": 120000}, "17": {"rankNum": 1, "cpMultiplier": 0.5507926940917969, "requiredExp": 140000}, "18": {"rankNum": 1, "cpMultiplier": 0.5667545199394226, "requiredExp": 160000}, "19": {"rankNum": 1, "cpMultiplier": 0.5822789072990417, "requiredExp": 185000}, "20": {"rankNum": 1, "cpMultiplier": 0.5974000096321106, "requiredExp": 210000}, "21": {"rankNum": 1, "cpMultiplier": 0.6121572852134705, "requiredExp": 260000}, "22": {"rankNum": 1, "cpMultiplier": 0.6265671253204346, "requiredExp": 335000}, "23": {"rankNum": 1, "cpMultiplier": 0.6406529545783997, "requiredExp": 435000}, "24": {"rankNum": 1, "cpMultiplier": 0.6544356346130371, "requiredExp": 560000}, "25": {"rankNum": 1, "cpMultiplier": 0.667934000492096, "requiredExp": 710000}, "26": {"rankNum": 1, "cpMultiplier": 0.6811649203300476, "requiredExp": 900000}, "27": {"rankNum": 1, "cpMultiplier": 0.6941436529159546, "requiredExp": 1100000}, "28": {"rankNum": 1, "cpMultiplier": 0.7068842053413391, "requiredExp": 1350000}, "29": {"rankNum": 1, "cpMultiplier": 0.719399094581604, "requiredExp": 1650000}, "30": {"rankNum": 1, "cpMultiplier": 0.7317000031471252, "requiredExp": 2000000}, "31": {"rankNum": 1, "cpMultiplier": 0.7377694845199585, "requiredExp": 2500000}, "32": {"rankNum": 1, "cpMultiplier": 0.7437894344329834, "requiredExp": 3000000}, "33": {"rankNum": 1, "cpMultiplier": 0.7497610449790955, "requiredExp": 3750000}, "34": {"rankNum": 1, "cpMultiplier": 0.7556855082511902, "requiredExp": 4750000}, "35": {"rankNum": 1, "cpMultiplier": 0.7615638375282288, "requiredExp": 6000000}, "36": {"rankNum": 1, "cpMultiplier": 0.7673971652984619, "requiredExp": 7500000}, "37": {"rankNum": 1, "cpMultiplier": 0.7731865048408508, "requiredExp": 9500000}, "38": {"rankNum": 1, "cpMultiplier": 0.7789327502250671, "requiredExp": 12000000}, "39": {"rankNum": 1, "cpMultiplier": 0.7846369743347168, "requiredExp": 15000000}, "40": {"rankNum": 1, "cpMultiplier": 0.7903000116348267, "requiredExp": 20000000}}